{
  "placeholderImages": [
    {
      "id": "solar-panels",
      "description": "Paneles solares en un día soleado",
      "imageUrl": "https://images.unsplash.com/photo-1508514177221-188b1cf16e9d?crop=entropy&cs=tinysrgb&fit=max&fm=jpg&ixid=M3w3NDE5ODJ8MHwxfHNlYXJjaHwyfHxzb2xhciUyMHBhbmVsc3xlbnwwfHx8fDE3NTg2ODY0MTd8MA&ixlib=rb-4.1.0&q=80&w=1080",
      "imageHint": "paneles solares"
    },
    {
      "id": "wind-turbines",
      "description": "Turbinas eólicas en un campo",
      "imageUrl": "https://images.unsplash.com/photo-1503427073713-8e991db6befe?crop=entropy&cs=tinysrgb&fit=max&fm=jpg&ixid=M3w3NDE5ODJ8MHwxfHNlYXJjaHw0fHx3aW5kJTIwdHVyYmluZXN8ZW58MHx8fHwxNzU4Njg1NDU2fDA&ixlib=rb-4.1.0&q=80&w=1080",
      "imageHint": "turbinas eólicas"
    },
    {
      "id": "hydro-dam",
      "description": "Una gran presa hidroeléctrica",
      "imageUrl": "https://images.unsplash.com/photo-1516325461086-8e58d23f7f7a?crop=entropy&cs=tinysrgb&fit=max&fm=jpg&ixid=M3w3NDE5ODJ8MHwxfHNlYXJjaHw0fHxoeWRyb2VsZWN0cmljJTIwZGFtfGVufDB8fHx8MTc1ODYwMzEyMXww&ixlib=rb-4.1.0&q=80&w=1080",
      "imageHint": "presa hidroeléctrica"
    },
    {
      "id": "geothermal-plant",
      "description": "Una central geotérmica con vapor",
      "imageUrl": "https://images.unsplash.com/photo-1582721342042-5d10f85b491f?crop=entropy&cs=tinysrgb&fit=max&fm=jpg&ixid=M3w3NDE5ODJ8MHwxfHNlYXJjaHwxMHx8Z2VvdGhlcm1hbCUyMHBsYW50fGVufDB8fHx8MTc1ODYwMzEyMXww&ixlib=rb-4.1.0&q=80&w=1080",
      "imageHint": "planta geotérmica"
    }
  ]
}